Re,field,ratio_mean_abs,ratio_l2,alpha_origin,alpha,intercept,R2
100,pressure,0.1678531728482198,0.17025861997705088,0.16901945439245436,0.6518932739215179,-10.01324994201718,0.8375985579085514
100,x-velocity,1.1110935931345005,0.9870406702674928,0.9867073881376512,0.986706225859682,-1.0787975989917415e-06,0.9993244694970522
100,y-velocity,1.2405984563364507,0.9997926494631099,0.9993811232537434,0.9993810973810122,7.96864269319486e-07,0.9991769487904433
110,pressure,0.18630207910665433,0.18879309286042642,0.1875780480987701,0.6629611211641342,-8.882438161549922,0.8376903912364804
110,x-velocity,1.0691774296589822,0.9882227653912116,0.9879691748020967,0.9879681222525232,-9.754799927796539e-07,0.9994865906926897
110,y-velocity,1.711055429926534,1.0003819211023581,1.0001041267400175,1.0001041022293313,7.174697751891123e-07,0.9994447024650016
120,pressure,0.2063717900119746,0.20898131551959664,0.20777647027944807,0.675629883095967,-7.89239727264435,0.8377243744983344
120,x-velocity,1.0435337752995164,0.98925718317054,0.9890530112532036,0.9890520028925576,-9.337697415079571e-07,0.999587063973567
120,y-velocity,1.1451243862347347,0.9997966114390764,0.9995812203740817,0.9995811975752318,6.381348439020851e-07,0.9995691781506135
130,pressure,0.22443814599446105,0.22713482115359365,0.22594082179104813,0.6825493049390879,-7.083848111337266,0.8336341574200082
130,x-velocity,2.4995009177660674,0.9900121480069216,0.9897972519452397,0.9897962455163715,-9.318964040719667e-07,0.9995657083456917
130,y-velocity,1.1861384615408377,1.0006549091827233,1.0004293117993592,1.0004292881179242,6.41248689491483e-07,0.9995491528136475
140,pressure,0.24586409520366465,0.24869425378960647,0.2475008969234668,0.6942064403162255,-6.3274362299660165,0.8331976534819633
140,x-velocity,1.2177362307896515,0.9906985386979575,0.9905021145571332,0.9905010551067908,-9.814726684967001e-07,0.9996033109724032
140,y-velocity,1.0910692196569172,0.9995223228210203,0.9993017914327077,0.9993017685353511,6.000085286415157e-07,0.9995587763238007
150,pressure,0.2625100160902266,0.26541916312952096,0.26423261346550075,0.6975581569058893,-5.749727411858391,0.8271614189820826
150,x-velocity,1.0678775343393665,0.991225016431897,0.990971944996696,0.9909709159069023,-9.540344646885255e-07,0.9994891944577287
150,y-velocity,1.072399793127957,1.0015196514364184,1.0012472815754627,1.001247255250589,6.749448255670398e-07,0.9994561622703256
160,pressure,0.2866617659670042,0.2897338668137919,0.2885454578818054,0.7106989313273188,-5.130714395469366,0.8294355412260374
160,x-velocity,1.049129293823439,0.9917147466414088,0.991502195141596,0.991501055591785,-1.0579316651621258e-06,0.9995711852966944
160,y-velocity,1.0860323632274902,0.9994443900298173,0.9991965906500333,0.9991965655077952,6.271870955022056e-07,0.9995041884116739
170,pressure,0.3033516870126696,0.3065045647169616,0.30532078951346453,0.7137724954270145,-4.692000334082175,0.8244338357872283
170,x-velocity,1.0763893846914974,0.9921800173485386,0.9919032091774528,0.9919021486179949,-9.857268659194243e-07,0.9994418293071045
170,y-velocity,1.1575291856179575,1.0016375184508932,1.0013343930684933,1.0013343636094487,7.226941217520353e-07,0.9993948335173549
180,pressure,0.3287722853501075,0.33208909275589577,0.3309086312956568,0.7262405408256125,-4.191326383652935,0.8279995661377464
180,x-velocity,1.0850972860986992,0.9925668676635216,0.9923364747555331,0.9923352990322062,-1.094840986299934e-06,0.9995355952573615
180,y-velocity,1.1401116956973674,0.9997290733482721,0.9994634990614163,0.99946347051602,6.844826185838883e-07,0.999468779419531
190,pressure,0.34311027531734506,0.3464817608111595,0.3453057606188162,0.7269948495831717,-3.878366385747784,0.8222029746021471
190,x-velocity,1.1157945641942695,0.9930641786290483,0.9927267964464335,0.9927258056949296,-9.236229019599208e-07,0.9993203120671763
190,y-velocity,1.1603129494608417,1.0030530578926986,1.0026988196167288,1.0026987848212296,8.246288142709118e-07,0.999293806557543
200,pressure,0.3670266546487449,0.37053263817447046,0.3693648202685821,0.7368432037215503,-3.491728286119641,0.8249551376518528
200,x-velocity,1.2693245295337878,0.9934610752926605,0.9931500163319865,0.993148990597355,-9.580394083357886e-07,0.999373585885533
200,y-velocity,1.0898589745408742,1.0023067228029057,1.001974869104349,1.0019748336705665,8.246820812082637e-07,0.9993379316033706
210,pressure,0.3848565295745773,0.3884388240715689,0.3872777554899631,0.7410515629558366,-3.2066142895361174,0.8232160393264306
210,x-velocity,1.895847396615028,0.993939994731526,0.9935559460487986,0.9935550464719347,-8.413899582335764e-07,0.9992269994214747
210,y-velocity,1.0839063676683904,1.0040869138795034,1.0036967874361742,1.0036967476102958,9.153901762072978e-07,0.9992230762328986
220,pressure,0.4149682125187192,0.4187049419160215,0.4175641892635498,0.7545933731630914,-2.834398900087164,0.8306061717098845
220,x-velocity,1.2435568535847774,0.9942686113675073,0.9939850999391964,0.9939840425078071,-9.913634631784712e-07,0.9994295191667452
220,y-velocity,1.220535678862597,1.0016241784324738,1.001321218726959,1.0013211812437848,8.448632048493893e-07,0.9993951565500104
230,pressure,0.43771439463327383,0.44153676631695316,0.44041250544459803,0.7618417074305864,-2.563678159301423,0.8326911792966564
230,x-velocity,1.7646694222791743,0.9947025618633369,0.994411046941515,0.9944100235408694,-9.611276839604159e-07,0.9994136734280529
230,y-velocity,1.2701514793070374,1.0019722858337505,1.0016652303115896,1.0016651908003342,8.785144493442168e-07,0.9993871937643859
240,pressure,0.45002381619050114,0.4538631151945359,0.45274223978365274,0.7620444181282988,-2.40003261972539,0.8284510961841808
240,x-velocity,1.4722596353598134,0.9952770702808564,0.994833716239963,0.9948329742371187,-6.974949299208729e-07,0.9991088597668422
240,y-velocity,1.1824215760519767,1.0054409440949914,1.0050084148082794,1.0050083676061148,1.0422218536689334e-06,0.9991398106048482
250,pressure,0.4767405263376885,0.4806608250702005,0.47956503627066477,0.7715775907497052,-2.139900639158703,0.8334628629997898
250,x-velocity,1.1386051270495596,0.9956761605451426,0.9952801526874161,0.9952793734050748,-7.339765813133416e-07,0.999204326881415
250,y-velocity,1.1194076458028994,1.0046665217827278,1.004275200864199,1.0042751534288903,1.0323443498279485e-06,0.9992211479037049
260,pressure,0.506707032877668,0.5106935703845038,0.5096315574985131,0.7822808520086745,-1.880905191056054,0.8399922003601727
260,x-velocity,1.1433742095322639,0.9960477956542638,0.9957224046878848,0.9957215261879719,-8.291898255658154e-07,0.9993464350793808
260,y-velocity,1.0936109198306978,1.00332562577668,1.0029967128966604,1.0029966665929595,9.925291541991255e-07,0.99934446469609
270,pressure,0.5231070651560344,0.5270962573256412,0.5260455556565532,0.7850974616507393,-1.731670800790916,0.8391389034591018
270,x-velocity,1.2911910620442373,0.9965835573676695,0.9961631150725733,0.9961624394860202,-6.383909157530951e-07,0.9991560136645276
270,y-velocity,1.1710584433581197,1.0054338440824433,1.0050264267341433,1.0050263746665715,1.1072940272440999e-06,0.9991897363769681
280,pressure,0.5405641571511941,0.5445486806577582,0.5435113055602427,0.7885683175237808,-1.585816028078968,0.8391376986849091
280,x-velocity,1.1553041794051058,0.9971090435612985,0.9965913611198283,0.9965908590291885,-4.7501121843747805e-07,0.9989614149616594
280,y-velocity,1.0912209526898435,1.0071808893480192,1.0066956127631381,1.006695555417447,1.2096481559015727e-06,0.9990366023688406
290,pressure,0.5790645225444925,0.5830388925080559,0.582056453840846,0.8019906344163776,-1.3297357778107282,0.849237667255975
290,x-velocity,1.166269903617263,0.9974082419697982,0.9970584363246906,0.99705769776163,-7.005079313181397e-07,0.999298365968731
290,y-velocity,1.148227619597415,1.0044777757480852,1.0041336362901754,1.0041335834947827,1.0948441112373015e-06,0.9993149096986645
300,pressure,0.6003784170438725,0.6043016745330937,0.6033407316973374,0.806805860021236,-1.187099466274319,0.8510283110199601
300,x-velocity,1.2910241199892278,0.9979002227090676,0.9975087071787758,0.9975080863149792,-5.896753203960957e-07,0.9992151090826669
300,y-velocity,1.096018041621016,1.005506357997902,1.0051283024691382,1.005128245911111,1.1624306312758167e-06,0.999248174280864
310,pressure,0.6232637622183705,0.627110719397663,0.6261740016415244,0.8121525693831801,-1.0458317589045754,0.8535300319681072
310,x-velocity,1.1140671378918556,0.9983768595064615,0.9979564324429762,0.997955901460585,-5.050316292075098e-07,0.9991575640154906
310,y-velocity,1.1114384337354182,1.006233987965462,1.005833090026605,1.0058330302999225,1.2162519888996176e-06,0.9992033339064696
320,pressure,0.6478959331804545,0.6516337079159604,0.6507238718754833,0.8180043097751872,-0.9055025736777313,0.8567015791832592
320,x-velocity,1.1137501788882012,0.9988402274093086,0.9984069080878862,0.9984064403682036,-4.455294209960056e-07,0.9991321402866662
320,y-velocity,1.1347800375567265,1.0066779010926161,1.006267494445215,1.00626743219043,1.2556317211815065e-06,0.9991848016962174
330,pressure,0.6744804325362468,0.6780662037369141,0.6771856398936318,0.8243289025268941,-0.7656592950516568,0.8605017929257792
330,x-velocity,1.1747232616966805,0.9992873722420645,0.9988582479431659,0.9988578132618376,-4.1471515670686175e-07,0.9991409258951716
330,y-velocity,1.1965281088524602,1.006852919623942,1.0064470369249947,1.0064469728261567,1.280022461232822e-06,0.9991939261679346
340,pressure,0.7032415499003277,0.7066199165375672,0.7057704235470543,0.8311024544912377,-0.6260064501414104,0.8648892131356362
340,x-velocity,1.1213638442364577,0.9997178901366356,0.9993095163911598,0.9993090820791541,-4.150566575589775e-07,0.999182811489821
340,y-velocity,1.1352320257785005,1.0067729587482235,1.0063852638044075,1.006385198607222,1.2885539064244674e-06,0.9992299787543165
350,pressure,0.7032554298885035,0.7066083263737284,0.7057349184907004,0.8279548027299677,-0.6104619488963018,0.859387894282384
350,x-velocity,1.1660944981670873,1.000412988974562,0.9997023062573853,0.9997023658494786,5.695005994921525e-08,0.9985790708487
350,y-velocity,1.1669432729607017,1.0109212279697326,1.0102894164884004,1.0102893378703817,1.5538025893885474e-06,0.9987504244593763
360,pressure,0.7344505097766002,0.7375258068447426,0.7366837372405026,0.8353950960707913,-0.4725414315638312,0.8646952218436565
360,x-velocity,1.1551127785051718,1.00082160252458,1.0001767794287575,1.0001768113625893,3.057206088354818e-08,0.9987112350395116
360,y-velocity,1.1486402652018914,1.0104248559885465,1.0098460754101695,1.009845996527695,1.5423229863044152e-06,0.9988547153693051
370,pressure,0.7684367951936002,0.7711407783809558,0.7703291754529227,0.8432178517090911,-0.33385070529964694,0.8704870768954491
370,x-velocity,2.388162076873114,1.0012105553589283,1.0006482520170474,1.0006482159517862,-3.459221535009003e-08,0.9988765533090256
370,y-velocity,1.0770387985018899,1.0097070262602739,1.0091949961372912,1.0091949178653392,1.5133103583339894e-06,0.998986047248891
380,pressure,0.8056009041349625,0.8078111405583803,0.8070264877465625,0.8514016928512563,-0.19411425080545505,0.8767178791171086
380,x-velocity,1.2816265816619479,1.0015815256771226,1.001111884540717,1.0011117316807026,-1.469098859528312e-07,0.9990619918029635
380,y-velocity,1.2386211812691246,1.008781741389039,1.0083455985001624,1.0083455217963588,1.46573835207676e-06,0.9991354996701295
390,pressure,0.8056121548060011,0.8078027557241982,0.8069932872857802,0.8490575036935357,-0.1840050955132628,0.8724242877334188
390,x-velocity,1.3674508313713258,1.0022591156543614,1.0015019391425153,1.0015022639629274,3.1217666567118325e-07,0.9984889420846441
390,y-velocity,1.2863639412830303,1.0123152066410919,1.0116480735949416,1.011647983539813,1.7208697585668578e-06,0.9986824067606874
400,pressure,0.8464158907735346,0.8479531162776702,0.8471625406836351,0.8577717140562254,-0.04423470534486032,0.8793590022737938
400,x-velocity,1.1198709602351855,1.0026035726474682,1.0019941166645008,1.001994287281188,1.6432493077988623e-07,0.9987840697274866
400,y-velocity,1.134750961772544,1.0110483123795586,1.010499056766885,1.0104989694029363,1.649077794109758e-06,0.9989137941707572
410,pressure,0.8914154646903022,0.8920865930417755,0.8913012347050352,0.8668034830533045,0.09714911668952085,0.8866270536566265
410,x-velocity,1.2049812304576046,1.0029298108984859,1.0024642428151138,1.0024642017226517,-3.96665154959993e-08,0.9990713780542277
410,y-velocity,1.1019882890859616,1.0096032259823118,1.009171014543899,1.0091709311276307,1.554339996227761e-06,0.9991439882517404
420,pressure,0.8914247462423948,0.8920799921149515,0.8912694103484144,0.8649111340433959,0.10452727649844942,0.883041337901202
420,x-velocity,1.3042421677135105,1.0035926870537826,1.002869316473866,1.0028697494246743,4.179270101249949e-07,0.9985583053938285
420,y-velocity,1.122573312223836,1.012762439757175,1.0121219744728331,1.0121218777518117,1.8022545773429191e-06,0.9987356184075135
430,pressure,0.9412977724255815,0.9408040255245252,0.9399751825201671,0.874392230682077,0.2467840778460491,0.8908578620834801
430,x-velocity,1.1424195995695021,1.0038909322115055,1.003359495301627,1.003359670051834,1.6909197104743646e-07,0.9989410480144026
430,y-velocity,1.0869685761052332,1.0110248688094514,1.0105385624317353,1.0105384710728083,1.6793108718373832e-06,0.9990382310080926
440,pressure,0.9413058272220038,0.9407984758724859,0.9399445328908889,0.8727316267105691,0.25291748245814,0.887636829974952
440,x-velocity,1.1804896591098868,1.004543339229156,1.0037475159651457,1.0037481506412953,6.14125974627881e-07,0.9984154672180094
440,y-velocity,1.1033839237835672,1.0139701096034697,1.0132713789209553,1.0132712743045948,1.923001900122136e-06,0.9986222753619761
450,pressure,0.9968836831681839,0.9948454166530202,0.9939357915217472,0.8826145926397322,0.39646581553307303,0.8959172393838502
450,x-velocity,1.1149276731012527,1.004809820491076,1.0042487486655711,1.0042490684640586,3.1024000512233863e-07,0.9988830381999513
450,y-velocity,1.0881120282401526,1.0119599600491493,1.0114490038750237,1.0114489062248846,1.769344691441474e-06,0.9989904272042398
460,pressure,0.9968904938647903,0.9948407528023564,0.9939061109541999,0.8811572324024991,0.40155043724256306,0.8930247192553447
460,x-velocity,1.143694998133115,1.0054511594541335,1.0046326690870468,1.0046334406715873,7.485225876310928e-07,0.9983718289184413
460,y-velocity,1.1028120625446005,1.014711312733403,1.0139934000041115,1.013993289176767,2.00810541834447e-06,0.9985855005464247
470,pressure,1.059205716009796,1.0551039037924443,1.0540550401278541,0.8914044059911009,0.5467214442902909,0.9016784324104727
470,x-velocity,1.4504273332461253,1.0056875030256418,1.0051367329232426,1.0051371196527843,3.762057710432311e-07,0.9989045000831408
470,y-velocity,1.0869684431245836,1.0124547698059172,1.0119514330913992,1.0119513311296318,1.8195596319880302e-06,0.9990059647552052
480,pressure,1.0592112254660688,1.0550999934854526,1.0540261384861112,0.8901259500075267,0.5509216010133873,0.8990818521188247
480,x-velocity,1.529945128702968,1.0063167460509892,1.0055266628321173,1.0055274975990178,8.120510360303893e-07,0.9984296703594268
480,y-velocity,1.1003814848704294,1.015028509962862,1.014331702596993,1.0143315876619923,2.0510735915865997e-06,0.9986274995298132
490,pressure,1.1295637074091525,1.1226793786101363,1.121400567485098,0.9006925408405279,0.6980222726081986,0.9080131546521748
490,x-velocity,1.0914351472031874,1.0065201949407305,1.0060169090822397,1.0060172767609667,3.587311632510101e-07,0.9989997543381398
490,y-velocity,1.1290714349369604,1.0125444223482978,1.0120791479044637,1.0120790443458731,1.8184439676052084e-06,0.999081198178547
500,pressure,1.1295678149186286,1.1226761124500366,1.1213722286500216,0.8995706728643527,0.7014807227055422,0.9056802125253087
500,x-velocity,1.1148415831727763,1.0071336156254662,1.006418520658845,1.0064193321989927,7.917910903604303e-07,0.9985798157986505
500,y-velocity,1.1542283895870944,1.0149482670657375,1.0143097861979504,1.0143096705072574,2.031478428406727e-06,0.9987422501493952
510,pressure,1.129571749073561,1.122673247527315,1.1213450858355143,0.8984961525357369,0.7047932113530613,0.9034212234824106
510,x-velocity,1.1383921950973341,1.0077479615265572,1.0067733791381521,1.0067746125328803,1.2033797209675392e-06,0.9980659038300173
510,y-velocity,1.179314320609748,1.0172996661455658,1.0164530637737612,1.0164529348758304,2.2633917817557274e-06,0.998336292390892
520,pressure,1.2096231311723795,1.1989401986868424,1.1972663226548033,0.9094505719741225,0.8535397956406621,0.9127316465392818
520,x-velocity,1.2057719843433254,1.0079216851266797,1.007316688930715,1.0073173929720005,6.890885998249725e-07,0.9987993487489475
520,y-velocity,1.0922988028357015,1.0145494436800335,1.0139988214550288,1.0139987053411317,2.0041622884259638e-06,0.9989148515451975
530,pressure,1.2096255473571915,1.1989378559360397,1.1972396454150744,0.9085123869306012,0.856242942298668,0.9107109510586711
530,x-velocity,1.2490525757644368,1.0085265431751245,1.0077004045701867,1.0077015370616438,1.1084391904957397e-06,0.9983616441120617
530,y-velocity,1.1064187557079197,1.0167659747663114,1.0160355772325282,1.0160354476981504,2.235803983776645e-06,0.998563819395733
540,pressure,1.3015236712207505,1.285603802726981,1.2833462209647821,0.9198118544296208,1.0071008482773305,0.9203430810198648
540,x-velocity,1.1285300530881273,1.008923780373828,1.0084289480490942,1.0084301201380053,1.1511215076619953e-06,0.9990189026142694
540,y-velocity,1.073679443967824,1.0143680461892168,1.0139088318717522,1.0139086613262434,2.8902317217304614e-06,0.9990948052282603
550,pressure,1.3015240919077669,1.2856025560193367,1.2833293713875804,0.9192897914434119,1.0085004431976743,0.9191928062931161
550,x-velocity,1.1838710621163522,1.0103714763042626,1.0096321203985377,1.0096349465212782,2.775566459801179e-06,0.9985363843265053
550,y-velocity,1.0947574655839776,1.017414666963461,1.0167772955497798,1.01677705360035,4.100312700533124e-06,0.9987475092396343
560,pressure,1.3015250362330546,1.2856000828679717,1.283291548775487,0.9181179053135489,1.0116421443293486,0.9165838140602731
560,x-velocity,1.2233625214943291,1.0108651332565624,1.0098727253401083,1.0098762773724044,3.488490278535786e-06,0.9980366594384725
560,y-velocity,1.1064386187256838,1.0198189816594105,1.0189640850454376,1.0189638355966446,4.227404280091962e-06,0.998324179342066
570,pressure,1.3015255389476361,1.2855989498937688,1.2832714137872014,0.917494047991425,1.0133146389557233,0.9151798064843208
570,x-velocity,1.2111725910561377,1.010932302749616,1.0097504326723445,1.009753208583384,2.7262529921886577e-06,0.9976621900424638
570,y-velocity,1.1081780821518865,1.0209052854756395,1.019893279741937,1.0198930502838142,3.8886227490939205e-06,0.9980184518006706
580,pressure,1.4081126856369326,1.384844201277066,1.3816141200672456,0.9290249052829237,1.1663498900932203,0.9248089022913871
580,x-velocity,1.1012771432088668,1.0112710227997133,1.0105842142410422,1.0105863971380273,2.1517946216193994e-06,0.9986415759830777
580,y-velocity,1.0893191906096633,1.0177887752412245,1.0171796635838164,1.0171794769438636,3.1016567680068887e-06,0.9988034488125676
590,pressure,1.408111218940401,1.384843087738755,1.3815877040782127,0.9283105403647731,1.1681227762594262,0.9231561578347746
590,x-velocity,1.1096827462879855,1.0113761395281684,1.0105177624244168,1.0105198112810425,2.019664096832327e-06,0.99830255052556
590,y-velocity,1.0935509492902047,1.0191272104319433,1.0183671062443247,1.0183669057660394,3.3316276687223963e-06,0.9985089046103247
600,pressure,1.4081101482596077,1.384842406647449,1.3815684205444503,0.9277890577126896,1.1694169738835074,0.9219395130356178
600,x-velocity,1.1292202542642316,1.0121604392766654,1.011071947893333,1.0110746788130398,2.692009003568126e-06,0.9978494170558956
600,y-velocity,1.104681831921618,1.0211805033748493,1.020241219972212,1.0202409824950598,3.946489515011745e-06,0.9981612783134725
610,pressure,1.5332923323218897,1.4995211209113002,1.4948097817493677,0.9395475998825324,1.3248889700567656,0.9315654473134196
610,x-velocity,1.201443844647515,1.012468848950284,1.0118557854290633,1.011857990395783,2.182300923368503e-06,0.9987888297882317
610,y-velocity,1.0836300577133968,1.0180317158307215,1.0174827155222286,1.0174825013058044,3.485719331994271e-06,0.9989217664708882
620,pressure,1.533287629845405,1.4995204655265992,1.494779696925461,0.9388450692363367,1.3264934662425443,0.9298735508275691
620,x-velocity,1.2320365057431695,1.013282159969677,1.0124478666630157,1.0124512373019237,3.3359906690101935e-06,0.9983532846067311
620,y-velocity,1.0917872637301549,1.0204889809515747,1.0197519588409165,1.0197516991171396,4.226212776435693e-06,0.9985561139167562
630,pressure,1.5332837880996102,1.4995201215696508,1.4947551187598678,0.9382711282151,1.327804279065334,0.9284775750226459
630,x-velocity,1.2291063356111613,1.012946169255009,1.0120137649181933,1.0120156775570255,1.8929779996540145e-06,0.9981590882037835
630,y-velocity,1.0979607137446181,1.0206259395482338,1.0197984744849558,1.0197983009605545,2.823580701972821e-06,0.9983791885869372
640,pressure,1.5332809130966423,1.4995199768063605,1.494736725481707,0.937841614596128,1.3287852369311743,0.9274248365781891
640,x-velocity,1.268180092642319,1.0137775216575384,1.012588278847763,1.012591253302792,2.9438793345480105e-06,0.9976542305151714
640,y-velocity,1.1085007204795623,1.022814303737754,1.02178163937193,1.0217813921432337,4.022893427506647e-06,0.9979817944674195
650,pressure,1.6824833825375152,1.6333510571918746,1.6262666320826442,0.9497601005920131,1.486710961415769,0.9368277490842944
650,x-velocity,1.0832324614452473,1.0134467588409894,1.0128638569529198,1.0128650826212406,1.2184134892289064e-06,0.9988495056041837
650,y-velocity,1.084323363134779,1.0185518790869448,1.018010213289684,1.0180100544906523,2.5258912119645183e-06,0.9989366966683555
660,pressure,1.6824769522087004,1.6333511690798956,1.626244135652845,0.9493120512976805,1.4876461691024854,0.9356878246813365
660,x-velocity,1.0985245419575975,1.0139507132099328,1.013214147355473,1.0132156698133667,1.5134463397325836e-06,0.998547047983796
660,y-velocity,1.092997436310938,1.0200721462596933,1.0194010471948038,1.0194008819371347,2.6286236709798276e-06,0.9986846598091242
670,pressure,1.682470817137912,1.6333514045414272,1.6262226721797808,0.9488845748471444,1.4885384353497215,0.9345916920922455
670,x-velocity,1.1141653218171315,1.0144930964301309,1.0135765719225753,1.0135784974750979,1.9141550184264454e-06,0.9981931911182855
670,y-velocity,1.1022613666349868,1.0216304544298824,1.0208097693768616,1.020809589076002,2.867903868197379e-06,0.9983940440780498
680,pressure,1.6824648366883814,1.6333517550436323,1.626201749647369,0.9484678720206958,1.4894082139461853,0.9335151878194686
680,x-velocity,1.1296941461677306,1.0150151928327424,1.0138993310596982,1.0139016351922097,2.2904941612557394e-06,0.9978015743870033
680,y-velocity,1.111424111653274,1.0231334784680453,1.0221486750929076,1.0221484813707848,3.0813853393522273e-06,0.9980758727274439
690,pressure,1.8635782328008352,1.791321678003703,1.7804667863223742,0.9606540487226016,1.6495940317234543,0.9429012607558893
690,x-velocity,1.0940423301811477,1.0149857940771962,1.0144582670073286,1.0144593252636893,1.0570464949684398e-06,0.9989603537433105
690,y-velocity,1.07272813556165,1.019306602406279,1.0188096087361307,1.018809452313412,2.4273760539560246e-06,0.9990250898142672
700,pressure,1.8635685910688244,1.7913222820577572,1.7804457251626884,0.9603014000713275,1.650261238662345,0.9419492560726614
700,x-velocity,1.1081793831030802,1.015498847147805,1.0148380795672642,1.0148395307888962,1.4495625035684837e-06,0.9986985102772524
700,y-velocity,1.0806708609287852,1.0207396301181852,1.0201284505498527,1.0201282806286076,2.636846896325239e-06,0.9988028500069511
710,pressure,1.8635592151770002,1.7913229813259368,1.780425244697697,0.9599584745883809,1.6509100494855766,0.941016659121978
710,x-velocity,1.12241001462721,1.015999615940492,1.0151868123931411,1.0151886306474756,1.8161755911012113e-06,0.9983999621550523
710,y-velocity,1.0888857793117113,1.0221310001706068,1.0213913349489456,1.021391152508812,2.8311156725778937e-06,0.9985532398565974
720,pressure,1.863550121414951,1.7913237649287046,1.7804053805099715,0.959625868069346,1.6515393369551818,0.9401057077354235
720,x-velocity,1.1367813856470252,1.0165044889435202,1.01552066379684,1.0155228608586464,2.19454998610759e-06,0.9980644269726762
720,y-velocity,1.0972328497982256,1.0235081359456397,1.0226254353134272,1.022625238770407,3.0499650078718055e-06,0.9982759094625266
730,pressure,1.8635411401271518,1.7913246406889263,1.7803857620082015,0.9592973753228822,1.652160841217354,0.9391998461689886
730,x-velocity,1.1510471795529382,1.0169833143160425,1.0158128616809319,1.0158154046266756,2.5400384869586065e-06,0.9976985554237203
730,y-velocity,1.1055419806565072,1.024817159861294,1.0237790595710676,1.0237788517427802,3.2250903878969103e-06,0.9979751239457564
740,pressure,2.0884248709129527,1.9801266242368571,1.963123884058584,0.9716977271432815,1.8145646856786293,0.9483828991986912
740,x-velocity,1.4292234961988222,1.017093740462386,1.0165634985876,1.0165647922717396,1.29905915684674e-06,0.9989571760272541
740,y-velocity,1.0811791949244232,1.0211247323327624,1.0206239735806204,1.0206237881151128,2.8011870102072224e-06,0.9990194587838803
750,pressure,2.088412490647886,1.9801276195278235,1.9631060991129725,0.9714515760631155,1.8149826544000278,0.9476666627180004
750,x-velocity,1.4565741749711678,1.017829369756213,1.0171588697802538,1.0171610462622611,2.1855248857955834e-06,0.9986823831576629
750,y-velocity,1.090095707821352,1.0227984652609186,1.0221775532451434,1.0221773138896244,3.615117321466656e-06,0.9987862535665164
760,pressure,2.0883967649229493,1.9801290006873777,1.9630835082264941,0.9711389087527916,1.8155135688117423,0.9467503622520255
760,x-velocity,1.5142373766019217,1.0179109935339163,1.0171331315310554,1.0171349969066785,1.873125911663304e-06,0.9984716010434591
760,y-velocity,1.0954524136882733,1.0233965639192297,1.022681285377848,1.0226810926418815,2.9109967318199506e-06,0.9986026535470818
770,pressure,2.088383862854844,1.980130231554233,1.963064973681532,0.9708823829043279,1.8159491540661956,0.9459931617050489
770,x-velocity,1.5529764907723824,1.0183755292712726,1.0174481015180328,1.017450302679441,2.2103068249219484e-06,0.9981786912726841
770,y-velocity,1.1027682699877954,1.0246105314249503,1.023768255811669,1.0237680509663531,3.093890846762617e-06,0.9983566056311077
780,pressure,2.0883712634644054,1.9801315185371697,1.9630468739500249,0.9706318750558175,1.8163745206543567,0.9452490206247203
780,x-velocity,1.5919356505043194,1.0188347788111707,1.0177436412430274,1.0177461767855547,2.5460772349664102e-06,0.997858334271619
780,y-velocity,1.1101892759358176,1.0257993574082347,1.0248191103455135,1.024818893385565,3.2768647699834056e-06,0.9980897476954776
790,pressure,2.0883589740577535,1.9801328547652493,1.963029219527626,0.9703875304714646,1.8167894219151335,0.9445187248887005
790,x-velocity,1.6330951752556864,1.0192884877514088,1.018020455698311,1.018023314053576,2.8702311996917344e-06,0.9975124556223535
790,y-velocity,1.117651547175306,1.0269648185979046,1.025836352434169,1.025836123596234,3.4562644875126996e-06,0.9978035583433268
800,pressure,2.3761966296743866,2.2091121849105937,2.1818557844456876,0.9829489323124674,1.9813835094399965,0.9532737449253429
800,x-velocity,1.3230231196985889,1.0193638501853164,1.01881935373979,1.0188207120815522,1.3719641921664169e-06,0.9989315385446069
800,y-velocity,1.333154277292596,1.02308368932742,1.0225675557598515,1.0225673605030103,2.8625059787345347e-06,0.9989912953105274
810,pressure,2.376176359809564,2.2091139045666086,2.1818364098555927,0.9827317590776045,1.9817104030366384,0.9525772154276286
810,x-velocity,1.368340452995654,1.0196702240540045,1.0190238611673845,1.0190254556264164,1.610449416427291e-06,0.9987320926016052
810,y-velocity,1.3625524929055117,1.0239631176510329,1.0233565215765803,1.023356329489674,2.816034060553142e-06,0.9988155663022533
820,pressure,2.376159963857835,2.209115365476032,2.1818207380764876,0.9825560913113434,1.9819748217527078,0.9520102884496964
820,x-velocity,1.4752429072979822,1.0202354915856549,1.0194624551027178,1.0194644971438631,2.0625202056136873e-06,0.998484547367722
820,y-velocity,1.383527990872196,1.0252844594696957,1.0245697321568312,1.0245695139267552,3.1992983879644302e-06,0.9986063038073096
830,pressure,2.3761423530487007,2.2091170042743657,2.181803905097522,0.9823674074487878,1.9822588325632398,0.9513978627506311
830,x-velocity,1.5538404664419052,1.0206900199166271,1.0197815337968763,1.0197838765950902,2.3662934828496494e-06,0.9982199268587371
830,y-velocity,1.4073560410298496,1.0263857718130727,1.0255547370397498,1.0255545062638818,3.3832223013667284e-06,0.9983813366439296
840,pressure,2.3761231714805398,2.2091188713097334,2.1817855707364493,0.9821618943265299,1.9825681751198145,0.9507267097423602
840,x-velocity,1.5900365599564092,1.020953662088288,1.0199114235269213,1.019913985410167,2.5875756572447672e-06,0.9979585170699886
840,y-velocity,1.4382845465235439,1.0271555191568347,1.0262079598354388,1.026207732852735,3.327613726312535e-06,0.998155856360405
850,pressure,2.3761061963007704,2.209120594959576,2.1817693453125173,0.981980020656671,1.9828419350889566,0.9501291992293519
850,x-velocity,1.6594236500990314,1.021361097906142,1.0201653183423274,1.0201681729660428,2.8832519390451573e-06,0.9976588818793926
850,y-velocity,1.463567289925577,1.0281623978562013,1.0270841442395429,1.0270839071005275,3.4765073773072375e-06,0.9979036847603472
860,pressure,2.3760898298901205,2.2091223202507986,2.1817537017697286,0.9818046693963133,1.983105877393865,0.9495499629730967
860,x-velocity,1.7321909754982,1.0217823934669874,1.0204216583162267,1.020424826639531,3.2000975339988957e-06,0.9973372455340822
860,y-velocity,1.488589797306977,1.0291809247236867,1.027963089677937,1.0279628395695721,3.6666407407348944e-06,0.9976348156943371
870,pressure,2.760332120132436,2.4913912088045347,2.4465310087697443,0.9945184718776704,2.149670814856463,0.9576900502966541
870,x-velocity,1.2024332788856373,1.0217231243064833,1.0211783137740247,1.021179626325376,1.3343133879925615e-06,0.9989333953240496
870,y-velocity,1.0889433464395286,1.0249613953253844,1.0244418380762679,1.024441645986411,2.724527701565823e-06,0.9989864633561664
880,pressure,2.7603064247809455,2.4913932420643725,2.446514996672313,0.9943767216974374,2.1498569671657903,0.9571745417103505
880,x-velocity,1.2156269824965038,1.0221112536607873,1.0214711623649415,1.0214727861128767,1.6506695946360408e-06,0.9987473954872897
880,y-velocity,1.0956847276750115,1.025896499856346,1.0252917092097638,1.0252915070210482,2.8677659763007777e-06,0.9988213156991459
890,pressure,2.760281761136115,2.4913952565926274,2.446499627484462,0.9942406629982156,2.1500356451824447,0.9566769095066089
890,x-velocity,1.2291724951230514,1.0224972855310774,1.0217525344952967,1.021754457302534,1.954687284882361e-06,0.9985432122919733
890,y-velocity,1.1024415614550356,1.026826138726068,1.026128941959137,1.0261287288415233,3.022777214992431e-06,0.9986425142812917
900,pressure,2.760257678482985,2.4913972831231774,2.4464846203424693,0.9941078093798115,2.1502101141519216,0.9561883390816843
900,x-velocity,1.2428515484142992,1.022883748920674,1.0220245333580054,1.0220267576492281,2.261169860578988e-06,0.9983200427790603
900,y-velocity,1.10914425774403,1.027745134849351,1.0269477714221387,1.0269475468514968,3.1852225038504927e-06,0.9984489461485345
910,pressure,2.760233929421679,2.491399339116208,2.4464698210787335,0.9939767960437326,2.1503821663851084,0.9557039679018956
910,x-velocity,1.256529234517429,1.0232600766210085,1.0222775216592903,1.0222800329534771,2.55293131928433e-06,0.9980797116394348
910,y-velocity,1.115850762550674,1.02863665138078,1.0277319395100242,1.0277317042109368,3.3373905905004156e-06,0.998241744471264
920,pressure,2.7602108981365716,2.4914013875387258,2.4464554690983267,0.9938497423696019,2.1505490186233853,0.9552318058373842
920,x-velocity,1.2703508039664049,1.0236419188925168,1.0225275324037546,1.0225303466711568,2.8609278154812547e-06,0.9978230179506128
920,y-velocity,1.1224274267046435,1.0295301056793438,1.0285116486766341,1.0285114013729053,3.507659748787287e-06,0.9980225129683377
930,pressure,2.760188197130377,2.4914034591667598,2.44644132293173,0.9937245107018944,2.1507134781260575,0.9547640786417814
930,x-velocity,1.2840816860871664,1.0240082461538123,1.0227543135709682,1.0227574051048152,3.142791324243265e-06,0.9975514569832451
930,y-velocity,1.1290389474356497,1.0303891131893244,1.0292504934793796,1.0292502355027286,3.659040329681296e-06,0.9977911691703485
940,pressure,2.760165913161755,2.4914055435084372,2.4464274366427308,0.9936015796507416,2.1508749163621332,0.9543026935252739
940,x-velocity,1.29772868173443,1.0243626089927877,1.022961115832765,1.0229644623842118,3.402037102790135e-06,0.9972644629030305
940,y-velocity,1.1357932621592126,1.0312202880724428,1.0299546143469664,1.029954346293487,3.8019661265659573e-06,0.9975468226470395
950,pressure,2.7601441459694342,2.4914076280774604,2.4464138723836713,0.9934814994317266,2.1510326107653244,0.9538498604758993
950,x-velocity,1.3113892492850616,1.0247130190277043,1.0231575021570427,1.0231611093295117,3.6669792084495367e-06,0.9969650971539697
950,y-velocity,1.1424781178434984,1.0320383210531108,1.030640614739661,1.0306403362317198,3.950248148821124e-06,0.9972932303826479
960,pressure,3.307211622297137,2.8458048243115424,2.7695792496035274,1.0064364872213807,2.319144587715374,0.9612883923586659
960,x-velocity,1.0972050564750444,1.0246681450302648,1.0240711755693208,1.024072630657761,1.4899086980786537e-06,0.9988346762867765
960,y-velocity,1.0759700597454933,1.0277383674258518,1.027169591093364,1.027169385899327,2.8037273259074724e-06,0.9988934709574955
970,pressure,3.3071766200217545,2.845807217949879,2.769565853902525,1.006345811637148,2.3192462375798995,0.9608954965434173
970,x-velocity,1.1068235196817324,1.025005062543221,1.0243205576532264,1.0243222859094707,1.7696134063787483e-06,0.9986642995956391
970,y-velocity,1.080308203201523,1.0285171089854,1.0278692753540797,1.0278690601314528,2.940755826989851e-06,0.9987406701713374
980,pressure,3.30714246592895,2.8458096024921513,2.7695527828089954,1.0062573333229452,2.3193454242433,0.9605101927221787
980,x-velocity,1.1164566086072962,1.0253434086190303,1.0245639168924925,1.0245659241506107,2.0552917931513595e-06,0.998479522775049
980,y-velocity,1.084634528225622,1.0292909093019256,1.0285580879958032,1.028557861829547,3.090287231820045e-06,0.9985765906468226
990,pressure,3.3071088654469016,2.845811995521834,2.7695399235875278,1.0061702891720434,2.319443003169553,0.960129279075367
990,x-velocity,1.1262111434708975,1.0256723154021885,1.0247911021896672,1.0247933779950251,2.330265366721407e-06,0.9982817434751828
990,y-velocity,1.0889483314566801,1.0300430836559589,1.0292198765898664,1.0292196400850024,3.2315517473617725e-06,0.9984022647910237
1000,pressure,3.307076060850348,2.8458143769740953,2.7695273689589466,1.0060853068123117,2.3195382707702707,0.9597556162587358
1000,x-velocity,1.1357894332678513,1.0260211228780733,1.025030124912589,1.0250326955024287,2.6321040392280193e-06,0.9980684399223516
1000,y-velocity,1.093300712044208,1.0308174994352228,1.0298975629859113,1.029897313761947,3.405342813486316e-06,0.9982159502840511
